                  epoch,         train/box_loss,         train/cls_loss,         train/dfl_loss,   metrics/precision(B),      metrics/recall(B),       metrics/mAP50(B),    metrics/mAP50-95(B),           val/box_loss,           val/cls_loss,           val/dfl_loss,                 lr/pg0,                 lr/pg1,                 lr/pg2
                      1,                 3.3812,                 3.7626,                 3.8838,                0.10532,                 0.1433,                0.04426,                0.01234,                 2.8342,                 4.0784,                 3.3636,              0.0033237,              0.0033237,              0.0033237
                      2,                 2.6511,                 2.8649,                 2.9584,                0.23342,                0.21417,                0.13724,                0.04451,                  2.532,                 2.9967,                 2.9217,              0.0066241,              0.0066241,              0.0066241
                      3,                 2.2796,                 2.4488,                 2.4634,                0.29334,                 0.2797,                0.20633,                0.07738,                  2.367,                 3.9254,                 2.6661,              0.0098915,              0.0098915,              0.0098915
                      4,                 2.0957,                 2.2294,                 2.1805,                0.34673,                0.29307,                 0.2448,                0.09232,                 2.2784,                 3.0756,                 2.4889,              0.0098515,              0.0098515,              0.0098515
                      5,                 1.9846,                 2.0615,                 2.0349,                0.36599,                 0.3236,                0.26792,                0.10717,                 2.1617,                 2.7405,                 2.2564,              0.0098515,              0.0098515,              0.0098515
                      6,                 1.9032,                 1.9455,                 1.9402,                0.49013,                0.36728,                0.37074,                0.15981,                 2.1054,                 2.6634,                 2.1719,               0.009802,               0.009802,               0.009802
                      7,                  1.863,                 1.8812,                 1.8863,                0.50925,                0.42924,                0.42936,                0.19523,                 2.0079,                 2.1441,                 2.0625,              0.0097525,              0.0097525,              0.0097525
                      8,                 1.8333,                 1.8263,                 1.8473,                0.53074,                 0.4025,                0.41598,                0.18817,                   2.04,                 2.1211,                 2.0406,               0.009703,               0.009703,               0.009703
                      9,                 1.7988,                 1.7678,                  1.809,                 0.6006,                0.47493,                0.49945,                0.22581,                 1.9649,                 1.9709,                 1.9744,              0.0096535,              0.0096535,              0.0096535
                     10,                 1.7751,                 1.7119,                  1.778,                 0.5911,                0.47894,                 0.5063,                0.23666,                 1.9578,                 1.9546,                 1.9712,               0.009604,               0.009604,               0.009604
                     11,                 1.7582,                 1.6836,                 1.7558,                0.61604,                0.49881,                0.53734,                0.25971,                 1.9018,                 1.7754,                 1.8973,              0.0095545,              0.0095545,              0.0095545
                     12,                 1.7388,                 1.6598,                 1.7333,                0.61538,                0.48094,                0.51012,                0.23643,                 1.9477,                 1.8452,                 1.9575,               0.009505,               0.009505,               0.009505
                     13,                 1.7095,                 1.6083,                 1.7101,                0.65379,                0.52953,                 0.5769,                0.27599,                 1.9057,                 1.6692,                 1.9017,              0.0094555,              0.0094555,              0.0094555
                     14,                 1.7108,                 1.5989,                 1.7049,                 0.6375,                0.50635,                0.55209,                0.26676,                 1.8808,                 1.6963,                 1.8615,               0.009406,               0.009406,               0.009406
                     15,                 1.6928,                 1.5719,                 1.6891,                0.66246,                0.54758,                0.60716,                0.29953,                 1.8486,                 1.5768,                   1.83,              0.0093565,              0.0093565,              0.0093565
                     16,                 1.6782,                 1.5632,                  1.675,                0.67604,                0.52485,                0.58816,                0.29738,                 1.8281,                 1.5968,                 1.8135,               0.009307,               0.009307,               0.009307
                     17,                 1.6715,                 1.5435,                 1.6646,                0.67476,                0.54838,                0.60753,                0.30652,                 1.8332,                 1.5295,                  1.815,              0.0092575,              0.0092575,              0.0092575
                     18,                 1.6687,                 1.5205,                 1.6589,                0.68136,                0.56274,                0.61485,                0.31251,                 1.7919,                 1.5395,                 1.7864,               0.009208,               0.009208,               0.009208
                     19,                  1.661,                 1.5093,                 1.6545,                0.66524,                0.56742,                0.61471,                0.30322,                  1.832,                 1.5529,                 1.8127,              0.0091585,              0.0091585,              0.0091585
                     20,                 1.6517,                 1.4935,                 1.6458,                0.65906,                0.57988,                0.62806,                0.32034,                 1.7844,                  1.508,                  1.779,               0.009109,               0.009109,               0.009109
                     21,                 1.6412,                 1.4755,                 1.6368,                0.66648,                0.56697,                0.61427,                0.31001,                 1.8038,                 1.6029,                  1.787,              0.0090595,              0.0090595,              0.0090595
                     22,                  1.635,                 1.4674,                 1.6268,                0.71354,                 0.5848,                0.65543,                0.33569,                 1.7578,                 1.4477,                 1.7588,                0.00901,                0.00901,                0.00901
                     23,                 1.6197,                 1.4492,                  1.614,                0.66832,                0.57211,                 0.6184,                 0.3126,                 1.7923,                 1.5088,                 1.7727,              0.0089605,              0.0089605,              0.0089605
                     24,                 1.6202,                 1.4421,                 1.6081,                0.69859,                0.55627,                0.62117,                0.32149,                 1.7796,                 1.4891,                 1.7495,               0.008911,               0.008911,               0.008911
                     25,                 1.6067,                 1.4231,                 1.6038,                0.74399,                0.58257,                0.66482,                0.34259,                 1.7595,                 1.3884,                 1.7369,              0.0088615,              0.0088615,              0.0088615
                     26,                 1.6115,                 1.4247,                 1.5959,                0.69341,                0.58874,                0.64822,                0.33642,                 1.7588,                 1.4238,                 1.7383,               0.008812,               0.008812,               0.008812
                     27,                 1.5935,                 1.4025,                 1.5906,                0.70579,                0.58034,                0.64671,                0.33493,                  1.775,                 1.4025,                 1.7505,              0.0087625,              0.0087625,              0.0087625
                     28,                  1.595,                 1.4126,                 1.5923,                0.72031,                0.61587,                 0.6789,                0.35509,                 1.7323,                 1.3553,                 1.7058,               0.008713,               0.008713,               0.008713
                     29,                 1.5885,                  1.384,                 1.5867,                0.71615,                0.61578,                0.68241,                0.35948,                 1.7364,                 1.3348,                 1.7088,              0.0086635,              0.0086635,              0.0086635
                     30,                 1.5858,                 1.3739,                 1.5798,                0.74075,                 0.6111,                0.68339,                0.36405,                 1.7167,                 1.3384,                 1.6988,               0.008614,               0.008614,               0.008614
                     31,                 1.5682,                 1.3636,                 1.5694,                0.72247,                0.62648,                0.68481,                0.36528,                 1.7145,                 1.3334,                  1.706,              0.0085645,              0.0085645,              0.0085645
                     32,                  1.568,                 1.3519,                 1.5667,                0.73159,                0.62581,                0.69075,                 0.3681,                 1.7089,                 1.3378,                 1.6912,               0.008515,               0.008515,               0.008515
                     33,                 1.5594,                 1.3572,                 1.5604,                0.71898,                0.63472,                 0.7002,                0.37851,                 1.6868,                 1.2838,                  1.672,              0.0084655,              0.0084655,              0.0084655
                     34,                 1.5609,                 1.3472,                 1.5595,                0.72107,                0.63963,                0.69918,                0.37775,                 1.6864,                 1.3022,                 1.6741,               0.008416,               0.008416,               0.008416
                     35,                  1.551,                 1.3385,                 1.5556,                 0.7455,                0.62608,                0.70415,                0.38002,                 1.6827,                  1.263,                 1.6686,              0.0083665,              0.0083665,              0.0083665
                     36,                 1.5551,                 1.3349,                 1.5545,                0.73955,                0.62514,                0.70671,                0.38795,                 1.6653,                 1.2575,                  1.655,               0.008317,               0.008317,               0.008317
                     37,                 1.5434,                 1.3138,                 1.5417,                0.73059,                0.64564,                0.71421,                0.38843,                  1.672,                   1.25,                 1.6615,              0.0082675,              0.0082675,              0.0082675
                     38,                 1.5438,                 1.3095,                 1.5458,                0.73492,                0.64382,                0.71008,                0.39001,                 1.6487,                 1.2374,                 1.6518,               0.008218,               0.008218,               0.008218
                     39,                 1.5377,                 1.3081,                 1.5365,                0.73948,                0.65222,                0.72324,                0.39493,                 1.6465,                 1.2227,                 1.6437,              0.0081685,              0.0081685,              0.0081685
                     40,                 1.5283,                 1.2919,                 1.5271,                0.74191,                0.64835,                0.71826,                 0.3921,                 1.6568,                 1.2277,                  1.653,               0.008119,               0.008119,               0.008119
                     41,                 1.5217,                 1.2875,                 1.5229,                0.74781,                0.65425,                0.72234,                  0.399,                 1.6362,                 1.2188,                 1.6263,              0.0080695,              0.0080695,              0.0080695
                     42,                 1.5141,                 1.2748,                 1.5219,                 0.7455,                0.65389,                0.72501,                 0.4038,                 1.6258,                 1.1999,                 1.6249,                0.00802,                0.00802,                0.00802
                     43,                 1.5191,                 1.2825,                 1.5203,                0.74272,                0.66035,                0.72467,                0.40398,                 1.6219,                 1.1995,                 1.6183,              0.0079705,              0.0079705,              0.0079705
                     44,                 1.5155,                 1.2619,                 1.5169,                0.75239,                0.66592,                0.73243,                0.40766,                  1.625,                 1.1818,                 1.6184,               0.007921,               0.007921,               0.007921
                     45,                 1.5072,                 1.2501,                 1.5103,                0.74373,                0.66942,                0.73304,                0.41051,                 1.6158,                 1.1717,                 1.6208,              0.0078715,              0.0078715,              0.0078715
                     46,                 1.4953,                 1.2413,                 1.5006,                0.76511,                0.66637,                0.73823,                0.41545,                 1.6034,                 1.1637,                 1.6047,               0.007822,               0.007822,               0.007822
                     47,                 1.5076,                 1.2546,                  1.507,                0.76282,                0.67506,                0.73967,                0.41591,                 1.6037,                 1.1433,                 1.6016,              0.0077725,              0.0077725,              0.0077725
                     48,                 1.4983,                 1.2484,                  1.503,                0.75946,                0.67105,                0.74234,                0.41894,                 1.5973,                 1.1466,                 1.5967,               0.007723,               0.007723,               0.007723
                     49,                 1.4966,                 1.2397,                 1.4971,                0.76962,                0.67952,                0.74689,                0.41987,                  1.598,                 1.1361,                 1.5983,              0.0076735,              0.0076735,              0.0076735
                     50,                 1.4901,                 1.2254,                 1.4943,                0.76784,                0.68257,                0.74987,                0.42362,                 1.5899,                 1.1266,                 1.5904,               0.007624,               0.007624,               0.007624
                     51,                 1.4843,                 1.2259,                 1.4908,                0.77424,                0.68308,                0.75154,                0.42531,                 1.5773,                 1.1272,                 1.5802,              0.0075745,              0.0075745,              0.0075745
                     52,                 1.4882,                 1.2104,                 1.4936,                0.78278,                0.67143,                0.75152,                0.42624,                 1.5779,                  1.118,                 1.5829,               0.007525,               0.007525,               0.007525
                     53,                 1.4806,                 1.2228,                 1.4846,                 0.7689,                0.68375,                0.75392,                0.43062,                 1.5719,                 1.1229,                 1.5715,              0.0074755,              0.0074755,              0.0074755
                     54,                 1.4712,                 1.2114,                 1.4767,                0.77333,                0.68507,                0.75622,                 0.4327,                 1.5706,                 1.1056,                 1.5713,               0.007426,               0.007426,               0.007426
                     55,                 1.4641,                  1.194,                  1.475,                0.77788,                0.69541,                0.76106,                0.43473,                 1.5669,                 1.1014,                 1.5723,              0.0073765,              0.0073765,              0.0073765
                     56,                 1.4734,                 1.2073,                 1.4796,                0.76743,                  0.692,                0.76089,                0.43467,                 1.5651,                 1.0948,                 1.5666,               0.007327,               0.007327,               0.007327
                     57,                  1.468,                 1.1968,                 1.4773,                0.77172,                0.69541,                0.76203,                0.43626,                 1.5648,                  1.093,                 1.5663,              0.0072775,              0.0072775,              0.0072775
                     58,                 1.4626,                 1.1928,                  1.469,                0.77797,                0.69735,                0.76497,                0.43836,                 1.5595,                 1.0822,                 1.5629,               0.007228,               0.007228,               0.007228
                     59,                 1.4496,                 1.1755,                 1.4627,                0.78939,                0.69333,                0.76886,                0.44244,                 1.5498,                  1.072,                 1.5585,              0.0071785,              0.0071785,              0.0071785
                     60,                 1.4487,                 1.1784,                 1.4604,                0.78205,                0.69958,                0.77013,                0.44398,                 1.5418,                  1.071,                 1.5508,               0.007129,               0.007129,               0.007129
                     61,                 1.4638,                 1.1885,                 1.4714,                0.77864,                0.69935,                0.77073,                0.44583,                 1.5418,                 1.0684,                 1.5499,              0.0070795,              0.0070795,              0.0070795
                     62,                 1.4506,                  1.165,                 1.4576,                0.76837,                0.71072,                0.77105,                0.44675,                 1.5386,                  1.061,                 1.5497,                0.00703,                0.00703,                0.00703
                     63,                 1.4356,                 1.1665,                 1.4542,                0.78165,                 0.7047,                0.77292,                0.44963,                 1.5383,                 1.0592,                 1.5479,              0.0069805,              0.0069805,              0.0069805
                     64,                 1.4351,                 1.1534,                 1.4505,                0.78658,                0.70147,                0.77475,                0.45359,                 1.5316,                 1.0466,                  1.541,               0.006931,               0.006931,               0.006931
                     65,                 1.4421,                 1.1624,                 1.4519,                0.77549,                0.71286,                0.77693,                  0.454,                 1.5289,                 1.0438,                 1.5379,              0.0068815,              0.0068815,              0.0068815
                     66,                 1.4351,                 1.1509,                 1.4506,                0.78015,                 0.7125,                0.77653,                0.45437,                 1.5274,                 1.0485,                 1.5366,               0.006832,               0.006832,               0.006832
                     67,                 1.4259,                 1.1419,                 1.4381,                0.78359,                0.71093,                0.77866,                0.45597,                 1.5159,                 1.0429,                 1.5313,              0.0067825,              0.0067825,              0.0067825
                     68,                 1.4278,                 1.1419,                 1.4468,                0.78888,                0.71206,                0.78019,                0.45871,                 1.5093,                 1.0332,                 1.5274,               0.006733,               0.006733,               0.006733
                     69,                  1.427,                 1.1391,                 1.4429,                0.78088,                0.72075,                0.78167,                0.46096,                 1.5048,                 1.0256,                 1.5246,              0.0066835,              0.0066835,              0.0066835
                     70,                 1.4232,                 1.1336,                 1.4388,                0.78938,                0.71941,                0.78548,                0.46328,                    1.5,                   1.02,                 1.5195,               0.006634,               0.006634,               0.006634
                     71,                 1.4261,                 1.1321,                 1.4418,                0.79686,                0.71629,                0.78608,                0.46449,                 1.4955,                 1.0177,                  1.517,              0.0065845,              0.0065845,              0.0065845
                     72,                 1.4139,                 1.1228,                 1.4337,                0.80508,                 0.7134,                0.78642,                0.46643,                 1.4903,                 1.0129,                  1.513,               0.006535,               0.006535,               0.006535
                     73,                 1.4117,                 1.1192,                 1.4327,                0.79728,                0.71964,                 0.7896,                0.46875,                 1.4839,                 1.0051,                 1.5095,              0.0064855,              0.0064855,              0.0064855
                     74,                  1.415,                 1.1214,                 1.4372,                 0.8011,                0.71988,                0.79109,                0.47038,                 1.4795,                 1.0017,                 1.5041,               0.006436,               0.006436,               0.006436
                     75,                 1.4101,                 1.1131,                 1.4271,                0.80216,                0.71749,                0.79173,                0.47242,                 1.4755,                 1.0024,                 1.5003,              0.0063865,              0.0063865,              0.0063865
                     76,                 1.4006,                 1.1033,                 1.4251,                0.80712,                 0.7203,                0.79319,                0.47459,                 1.4752,                0.99747,                 1.5006,               0.006337,               0.006337,               0.006337
                     77,                 1.4056,                 1.1036,                 1.4243,                 0.8119,                0.71986,                0.79483,                0.47598,                 1.4756,                0.99459,                 1.4997,              0.0062875,              0.0062875,              0.0062875
                     78,                 1.3951,                 1.1016,                   1.42,                0.80958,                0.72075,                0.79551,                0.47652,                 1.4729,                0.99024,                  1.498,               0.006238,               0.006238,               0.006238
                     79,                 1.3967,                 1.0987,                   1.42,                0.80818,                0.72677,                0.79721,                 0.4772,                 1.4712,                 0.9899,                 1.4974,              0.0061885,              0.0061885,              0.0061885
                     80,                 1.3897,                 1.0934,                 1.4123,                0.80467,                0.73055,                0.79733,                0.47857,                 1.4671,                0.98611,                 1.4942,               0.006139,               0.006139,               0.006139
                     81,                 1.3883,                 1.0949,                 1.4161,                0.81284,                0.72693,                0.79867,                0.47952,                 1.4654,                0.98362,                  1.493,              0.0060895,              0.0060895,              0.0060895
                     82,                 1.3843,                 1.0729,                 1.4058,                0.81004,                0.72796,                0.79912,                0.48104,                 1.4641,                 0.9799,                 1.4922,                0.00604,                0.00604,                0.00604
                     83,                 1.3831,                 1.0823,                 1.4081,                0.80981,                0.72878,                0.79918,                 0.4823,                 1.4603,                0.97717,                 1.4897,              0.0059905,              0.0059905,              0.0059905
                     84,                 1.3774,                  1.073,                 1.4019,                0.81194,                0.72521,                0.79937,                0.48293,                 1.4581,                0.97434,                 1.4876,               0.005941,               0.005941,               0.005941
                     85,                 1.3791,                 1.0751,                  1.402,                 0.8111,                0.72536,                0.79953,                0.48373,                 1.4567,                0.97202,                  1.486,              0.0058915,              0.0058915,              0.0058915
                     86,                 1.3663,                 1.0608,                 1.3914,                0.81001,                0.72878,                0.79982,                0.48517,                 1.4544,                0.96876,                 1.4832,               0.005842,               0.005842,               0.005842
                     87,                 1.3605,                  1.053,                 1.3901,                0.80979,                0.73189,                0.80105,                0.48602,                 1.4514,                0.96512,                 1.4811,              0.0057925,              0.0057925,              0.0057925
                     88,                 1.3752,                 1.0702,                 1.3942,                  0.804,                0.73992,                 0.8017,                0.48716,                 1.4485,                 0.9627,                 1.4791,               0.005743,               0.005743,               0.005743
                     89,                 1.3688,                 1.0636,                 1.4013,                0.80414,                0.74125,                0.80239,                0.48806,                  1.446,                0.95954,                  1.478,              0.0056935,              0.0056935,              0.0056935
                     90,                  1.365,                 1.0578,                 1.3932,                0.80674,                0.74125,                0.80354,                0.48862,                 1.4437,                0.95676,                 1.4765,               0.005644,               0.005644,               0.005644
                     91,                 1.3719,                 1.0633,                 1.3952,                0.80999,                0.73947,                0.80469,                0.48947,                 1.4414,                0.95413,                 1.4743,              0.0055945,              0.0055945,              0.0055945
                     92,                 1.3684,                 1.0523,                 1.3941,                0.81203,                0.73813,                0.80604,                0.49022,                 1.4399,                0.95359,                 1.4732,               0.005545,               0.005545,               0.005545
                     93,                 1.3558,                 1.0466,                   1.38,                0.81632,                 0.7339,                 0.8065,                0.49139,                 1.4371,                0.95189,                 1.4709,              0.0054955,              0.0054955,              0.0054955
                     94,                 1.3463,                 1.0275,                 1.3809,                0.82052,                0.73211,                0.80749,                0.49223,                 1.4345,                0.94905,                  1.469,               0.005446,               0.005446,               0.005446
                     95,                 1.3479,                 1.0237,                 1.3785,                0.82097,                0.73122,                0.80738,                0.49255,                 1.4323,                0.94715,                 1.4677,              0.0053965,              0.0053965,              0.0053965
                     96,                  1.346,                 1.0307,                 1.3794,                0.81615,                0.73501,                0.80726,                0.49334,                 1.4301,                0.94562,                 1.4666,               0.005347,               0.005347,               0.005347
                     97,                 1.3454,                  1.041,                 1.3832,                0.81622,                0.73635,                0.80798,                 0.4941,                 1.4283,                0.94462,                 1.4647,              0.0052975,              0.0052975,              0.0052975
                     98,                 1.3394,                 1.0149,                 1.3674,                0.81803,                0.73537,                0.80865,                0.49484,                 1.4255,                0.94357,                 1.4627,               0.005248,               0.005248,               0.005248
                     99,                 1.3472,                 1.0246,                 1.3782,                0.81848,                0.73358,                0.80823,                0.49609,                 1.4231,                0.94136,                 1.4612,              0.0051985,              0.0051985,              0.0051985
                    100,                 1.3355,                 1.0156,                 1.3665,                0.82069,                0.73241,                0.80926,                 0.4969,                 1.4215,                0.93917,                 1.4599,               0.005149,               0.005149,               0.005149
                    101,                 1.3341,                 1.0134,                 1.3666,                0.82075,                0.73635,                   0.81,                0.49745,                 1.4196,                0.93783,                  1.458,              0.0050995,              0.0050995,              0.0050995
                    102,                 1.3291,                 1.0063,                 1.3624,                0.82367,                0.73412,                 0.8102,                0.49847,                 1.4175,                0.93618,                 1.4565,                0.00505,                0.00505,                0.00505
                    103,                 1.3238,                 1.0101,                 1.3619,                0.82807,                0.73323,                0.81082,                0.49886,                 1.4159,                0.93398,                 1.4552,              0.0050005,              0.0050005,              0.0050005
                    104,                 1.3316,                 1.0058,                 1.3654,                0.82584,                0.73551,                0.81131,                0.49983,                 1.4145,                0.93219,                 1.4543,               0.004951,               0.004951,               0.004951
                    105,                 1.3231,                0.99811,                 1.3609,                0.82534,                 0.7388,                 0.8119,                0.50018,                 1.4129,                0.93123,                 1.4531,              0.0049015,              0.0049015,              0.0049015
                    106,                 1.3172,                0.99991,                 1.3571,                0.82975,                0.73657,                0.81233,                0.50095,                 1.4106,                0.92929,                 1.4515,               0.004852,               0.004852,               0.004852
                    107,                 1.3124,                0.99712,                  1.357,                0.82625,                0.74148,                0.81298,                0.50162,                 1.4091,                0.92696,                 1.4505,              0.0048025,              0.0048025,              0.0048025
                    108,                 1.3053,                0.98224,                 1.3465,                0.82483,                0.74393,                0.81332,                0.50266,                 1.4073,                0.92609,                  1.449,               0.004753,               0.004753,               0.004753
                    109,                 1.3102,                0.98513,                 1.3559,                0.82801,                0.74249,                0.81354,                0.50349,                 1.4058,                0.92429,                 1.4481,              0.0047035,              0.0047035,              0.0047035
                    110,                 1.3102,                0.98968,                 1.3581,                0.82974,                0.74214,                0.81327,                0.50404,                 1.4041,                0.92275,                 1.4468,               0.004654,               0.004654,               0.004654
                    111,                  1.306,                0.98089,                 1.3462,                 0.8299,                0.74326,                0.81346,                0.50477,                 1.4026,                0.92114,                 1.4454,              0.0046045,              0.0046045,              0.0046045
                    112,                 1.3103,                0.99064,                 1.3565,                0.83125,                0.74125,                0.81394,                0.50506,                 1.4009,                0.91971,                  1.444,               0.004555,               0.004555,               0.004555
                    113,                 1.3068,                0.97429,                 1.3419,                0.83175,                 0.7417,                0.81427,                0.50555,                 1.3996,                0.91864,                 1.4429,              0.0045055,              0.0045055,              0.0045055
                    114,                 1.2871,                0.96246,                  1.337,                 0.8318,                0.74348,                0.81438,                 0.5067,                 1.3979,                0.91657,                  1.442,               0.004456,               0.004456,               0.004456
                    115,                 1.2961,                0.96693,                 1.3429,                0.83166,                0.74428,                0.81445,                0.50692,                 1.3964,                0.91488,                 1.4408,              0.0044065,              0.0044065,              0.0044065
                    116,                  1.292,                0.97331,                 1.3433,                0.83352,                0.74427,                0.81487,                0.50782,                 1.3947,                0.91372,                 1.4401,               0.004357,               0.004357,               0.004357
                    117,                 1.2896,                0.95784,                 1.3382,                0.83426,                0.74152,                  0.815,                0.50823,                 1.3926,                0.91235,                 1.4384,              0.0043075,              0.0043075,              0.0043075
                    118,                 1.2905,                0.96036,                 1.3382,                 0.8368,                0.74058,                0.81558,                0.50865,                 1.3911,                0.91049,                  1.437,               0.004258,               0.004258,               0.004258
                    119,                 1.2936,                0.95559,                 1.3413,                0.83405,                0.74549,                0.81659,                0.50921,                 1.3892,                0.90872,                 1.4361,              0.0042085,              0.0042085,              0.0042085
                    120,                 1.2839,                0.95359,                 1.3328,                 0.8344,                0.74673,                0.81703,                0.50971,                 1.3877,                0.90741,                 1.4349,               0.004159,               0.004159,               0.004159
                    121,                 1.2806,                0.94699,                 1.3307,                0.83529,                 0.7466,                0.81749,                0.51056,                 1.3859,                0.90572,                 1.4336,              0.0041095,              0.0041095,              0.0041095
                    122,                  1.278,                0.95064,                 1.3287,                0.83271,                0.74727,                0.81751,                0.51116,                 1.3846,                0.90478,                 1.4325,                0.00406,                0.00406,                0.00406
                    123,                 1.2736,                0.94577,                 1.3243,                0.83534,                0.74571,                0.81804,                0.51173,                 1.3832,                0.90349,                 1.4314,              0.0040105,              0.0040105,              0.0040105
                    124,                 1.2704,                0.93644,                 1.3241,                  0.837,                0.74526,                0.81827,                0.51261,                 1.3819,                0.90242,                 1.4302,               0.003961,               0.003961,               0.003961
                    125,                 1.2648,                 0.9342,                 1.3164,                0.83622,                0.74593,                0.81844,                0.51304,                   1.38,                 0.9006,                 1.4291,              0.0039115,              0.0039115,              0.0039115
                    126,                 1.2673,                 0.9324,                 1.3214,                 0.8362,                0.74705,                0.81879,                0.51343,                 1.3784,                0.89931,                 1.4278,               0.003862,               0.003862,               0.003862
                    127,                 1.2672,                0.93495,                  1.321,                0.83531,                0.74816,                0.81945,                0.51421,                 1.3769,                0.89857,                 1.4265,              0.0038125,              0.0038125,              0.0038125
                    128,                  1.266,                0.93013,                 1.3191,                0.83614,                0.74829,                0.81984,                0.51482,                 1.3758,                0.89655,                 1.4254,               0.003763,               0.003763,               0.003763
                    129,                 1.2618,                0.92564,                 1.3168,                0.83509,                0.74928,                0.82037,                0.51556,                 1.3737,                0.89538,                 1.4237,              0.0037135,              0.0037135,              0.0037135
                    130,                 1.2619,                0.93356,                 1.3206,                0.83825,                0.74794,                0.82082,                 0.5163,                 1.3723,                 0.8944,                 1.4224,               0.003664,               0.003664,               0.003664
                    131,                 1.2624,                0.92753,                 1.3162,                0.83942,                0.74705,                0.82063,                0.51669,                 1.3714,                0.89265,                 1.4218,              0.0036145,              0.0036145,              0.0036145
                    132,                 1.2536,                0.91658,                 1.3108,                0.84071,                0.74575,                0.82108,                0.51724,                 1.3697,                 0.8913,                 1.4205,               0.003565,               0.003565,               0.003565
                    133,                 1.2468,                0.91533,                 1.3065,                0.83958,                 0.7465,                0.82117,                0.51731,                 1.3681,                0.88951,                 1.4195,              0.0035155,              0.0035155,              0.0035155
                    134,                 1.2496,                0.91646,                 1.3105,                0.84182,                0.74504,                0.82136,                0.51818,                 1.3664,                0.88808,                 1.4183,               0.003466,               0.003466,               0.003466
                    135,                 1.2428,                0.90908,                 1.3028,                0.84222,                0.74616,                0.82174,                 0.5189,                 1.3654,                0.88662,                 1.4179,              0.0034165,              0.0034165,              0.0034165
                    136,                 1.2436,                 0.9031,                 1.3008,                0.84053,                0.74772,                0.82174,                0.51904,                  1.364,                0.88487,                 1.4169,               0.003367,               0.003367,               0.003367
                    137,                 1.2413,                0.90493,                 1.3032,                0.84281,                0.74687,                0.82198,                0.51943,                 1.3625,                0.88378,                 1.4154,              0.0033175,              0.0033175,              0.0033175
                    138,                 1.2357,                 0.8958,                 1.2979,                0.84281,                0.74801,                0.82272,                0.52018,                 1.3613,                0.88192,                 1.4142,               0.003268,               0.003268,               0.003268
                    139,                 1.2287,                 0.8935,                 1.2939,                0.83982,                0.75015,                0.82312,                 0.5207,                 1.3595,                0.88064,                 1.4131,              0.0032185,              0.0032185,              0.0032185
                    140,                 1.2301,                0.88906,                 1.2936,                0.84003,                0.75128,                0.82386,                0.52137,                 1.3584,                0.87909,                 1.4122,               0.003169,               0.003169,               0.003169
                    141,                 1.2213,                0.88802,                 1.2938,                0.83922,                 0.7515,                0.82405,                0.52195,                 1.3562,                0.87795,                 1.4105,              0.0031195,              0.0031195,              0.0031195
                    142,                 1.2333,                0.89289,                 1.2972,                0.84166,                0.75105,                0.82454,                0.52265,                 1.3548,                 0.8772,                 1.4096,                0.00307,                0.00307,                0.00307
                    143,                  1.221,                0.88403,                 1.2915,                0.84165,                0.75217,                0.82503,                 0.5231,                 1.3533,                0.87538,                 1.4086,              0.0030205,              0.0030205,              0.0030205
                    144,                 1.2219,                0.89003,                 1.2924,                0.84094,                0.75291,                0.82531,                0.52339,                 1.3519,                0.87402,                 1.4078,               0.002971,               0.002971,               0.002971
                    145,                 1.2219,                0.88045,                  1.292,                0.84102,                0.75336,                 0.8253,                0.52384,                  1.351,                0.87312,                 1.4067,              0.0029215,              0.0029215,              0.0029215
                    146,                   1.21,                0.86476,                 1.2832,                0.84019,                0.75262,                0.82559,                0.52444,                 1.3496,                0.87179,                 1.4058,               0.002872,               0.002872,               0.002872
                    147,                 1.2167,                0.87408,                 1.2864,                0.84203,                0.75351,                0.82581,                0.52521,                 1.3486,                0.87033,                 1.4052,              0.0028225,              0.0028225,              0.0028225
                    148,                 1.2102,                0.86955,                 1.2825,                0.84363,                0.75306,                0.82613,                0.52537,                 1.3472,                0.86925,                 1.4042,               0.002773,               0.002773,               0.002773
                    149,                 1.2099,                0.87117,                 1.2825,                0.84354,                0.75335,                0.82627,                0.52556,                 1.3458,                0.86795,                 1.4033,              0.0027235,              0.0027235,              0.0027235
                    150,                 1.2061,                0.85919,                 1.2783,                0.84554,                0.75306,                0.82664,                0.52636,                 1.3449,                0.86631,                 1.4024,               0.002674,               0.002674,               0.002674
                    151,                 1.2023,                0.85948,                 1.2742,                 0.8458,                0.75425,                0.82664,                0.52685,                 1.3437,                0.86502,                 1.4014,              0.0026245,              0.0026245,              0.0026245
                    152,                 1.2007,                0.85065,                 1.2759,                0.84642,                0.75291,                0.82698,                0.52758,                 1.3425,                0.86383,                 1.4007,               0.002575,               0.002575,               0.002575
                    153,                 1.1925,                 0.8502,                 1.2686,                0.84632,                0.75418,                0.82728,                 0.5282,                 1.3414,                0.86277,                 1.3998,              0.0025255,              0.0025255,              0.0025255
                    154,                 1.1888,                0.85155,                 1.2671,                0.84567,                0.75473,                0.82756,                0.52865,                 1.3402,                0.86178,                  1.399,               0.002476,               0.002476,               0.002476
                    155,                 1.1827,                0.83744,                 1.2627,                0.84655,                0.75306,                0.82782,                0.52902,                 1.3392,                0.86006,                  1.398,              0.0024265,              0.0024265,              0.0024265
                    156,                 1.1944,                0.85507,                 1.2765,                0.84795,                0.75396,                0.82844,                0.52977,                 1.3379,                0.85876,                 1.3971,               0.002377,               0.002377,               0.002377
                    157,                 1.1879,                0.84482,                 1.2702,                0.84949,                0.75284,                 0.8284,                0.53066,                 1.3368,                0.85805,                 1.3965,              0.0023275,              0.0023275,              0.0023275
                    158,                 1.1797,                0.84029,                  1.261,                 0.8489,                0.75329,                0.82841,                0.53063,                 1.3357,                0.85692,                 1.3953,               0.002278,               0.002278,               0.002278
                    159,                 1.1739,                0.83684,                 1.2618,                0.84991,                0.75344,                0.82857,                0.53072,                 1.3345,                0.85616,                 1.3944,              0.0022285,              0.0022285,              0.0022285
                    160,                 1.1773,                0.84156,                 1.2628,                0.84991,                0.75345,                0.82821,                0.53145,                 1.3335,                0.85532,                 1.3937,               0.002179,               0.002179,               0.002179
                    161,                 1.1823,                0.84727,                 1.2686,                 0.8495,                0.75774,                  0.829,                0.53152,                 1.3325,                0.85443,                  1.393,              0.0021295,              0.0021295,              0.0021295
                    162,                 1.1626,                0.82112,                 1.2502,                0.84926,                0.75908,                0.82922,                 0.5324,                 1.3316,                0.85358,                 1.3923,                0.00208,                0.00208,                0.00208
                    163,                 1.1668,                0.83709,                 1.2589,                0.84877,                0.75924,                0.82897,                0.53269,                 1.3307,                0.85262,                 1.3913,              0.0020305,              0.0020305,              0.0020305
                    164,                 1.1668,                0.82493,                 1.2588,                0.84883,                0.75797,                0.82924,                0.53319,                 1.3294,                0.85142,                 1.3903,               0.001981,               0.001981,               0.001981
                    165,                 1.1593,                0.82096,                 1.2536,                0.84768,                0.75902,                 0.8297,                0.53371,                 1.3282,                0.85052,                 1.3895,              0.0019315,              0.0019315,              0.0019315
                    166,                 1.1538,                0.81188,                 1.2486,                0.84665,                0.76043,                0.82994,                0.53417,                 1.3274,                0.84963,                  1.389,               0.001882,               0.001882,               0.001882
                    167,                 1.1567,                0.81551,                 1.2527,                0.84529,                0.76153,                0.82981,                0.53456,                 1.3264,                0.84868,                 1.3882,              0.0018325,              0.0018325,              0.0018325
                    168,                 1.1495,                0.80141,                 1.2415,                0.84454,                0.76242,                0.82994,                0.53479,                 1.3251,                 0.8475,                 1.3871,               0.001783,               0.001783,               0.001783
                    169,                 1.1447,                 0.8074,                 1.2445,                0.84506,                0.76332,                0.83022,                0.53528,                 1.3237,                0.84677,                  1.386,              0.0017335,              0.0017335,              0.0017335
                    170,                 1.1502,                 0.8094,                 1.2477,                0.84485,                0.76465,                 0.8304,                0.53573,                  1.323,                0.84606,                 1.3854,               0.001684,               0.001684,               0.001684
                    171,                 1.1427,                0.80848,                 1.2428,                0.84339,                0.76532,                0.83061,                0.53626,                 1.3218,                 0.8448,                 1.3843,              0.0016345,              0.0016345,              0.0016345
                    172,                 1.1457,                0.81041,                 1.2484,                0.84314,                 0.7651,                0.83099,                0.53638,                 1.3202,                0.84388,                 1.3833,               0.001585,               0.001585,               0.001585
                    173,                 1.1429,                0.80962,                 1.2426,                0.84343,                0.76554,                0.83136,                0.53721,                 1.3195,                0.84322,                 1.3827,              0.0015355,              0.0015355,              0.0015355
                    174,                 1.1378,                0.79711,                 1.2392,                 0.8436,                0.76532,                0.83165,                0.53827,                 1.3184,                0.84257,                 1.3818,               0.001486,               0.001486,               0.001486
                    175,                 1.1302,                0.78943,                 1.2318,                0.84249,                0.76488,                0.83112,                0.53835,                 1.3173,                0.84214,                  1.381,              0.0014365,              0.0014365,              0.0014365
                    176,                 1.1248,                 0.7875,                 1.2296,                0.84328,                0.76465,                0.83173,                0.53892,                 1.3172,                0.84096,                 1.3807,               0.001387,               0.001387,               0.001387
                    177,                 1.1267,                0.79163,                  1.232,                0.85181,                0.75969,                0.83201,                0.53937,                  1.316,                0.84009,                 1.3796,              0.0013375,              0.0013375,              0.0013375
                    178,                 1.1284,                0.78454,                 1.2342,                0.85221,                0.75908,                 0.8318,                0.53952,                  1.315,                0.83935,                 1.3787,               0.001288,               0.001288,               0.001288
                    179,                 1.1171,                0.77652,                 1.2242,                0.85399,                0.75732,                0.83202,                0.54045,                 1.3139,                0.83834,                  1.378,              0.0012385,              0.0012385,              0.0012385
                    180,                 1.1257,                0.78436,                 1.2306,                0.85519,                0.75685,                0.83214,                0.54072,                 1.3127,                0.83741,                  1.377,               0.001189,               0.001189,               0.001189
                    181,                 1.1241,                 0.7791,                 1.2258,                0.85563,                0.75685,                0.83195,                0.54085,                 1.3116,                0.83651,                 1.3759,              0.0011395,              0.0011395,              0.0011395
                    182,                 1.1156,                0.77711,                  1.226,                0.86429,                0.75173,                0.83215,                0.54124,                 1.3106,                0.83591,                 1.3752,                0.00109,                0.00109,                0.00109
                    183,                 1.1152,                0.78137,                 1.2253,                0.86867,                0.74749,                0.83222,                0.54127,                 1.3098,                0.83514,                 1.3745,              0.0010405,              0.0010405,              0.0010405
                    184,                 1.1009,                0.76461,                 1.2177,                   0.87,                0.74723,                0.83224,                0.54192,                  1.309,                0.83475,                  1.374,               0.000991,               0.000991,               0.000991
                    185,                 1.1044,                0.76263,                 1.2134,                0.87052,                0.74767,                0.83237,                0.54204,                 1.3081,                0.83399,                 1.3737,              0.0009415,              0.0009415,              0.0009415
                    186,                 1.1075,                0.76825,                  1.222,                0.87112,                0.74838,                0.83277,                0.54271,                 1.3074,                0.83299,                 1.3731,               0.000892,               0.000892,               0.000892
                    187,                 1.1035,                0.76423,                 1.2176,                0.86524,                0.75351,                0.83272,                0.54305,                 1.3069,                 0.8324,                 1.3726,              0.0008425,              0.0008425,              0.0008425
                    188,                 1.1025,                0.76427,                 1.2179,                0.86822,                0.75178,                0.83272,                0.54283,                 1.3058,                0.83169,                 1.3719,               0.000793,               0.000793,               0.000793
                    189,                  1.093,                 0.7529,                 1.2108,                0.86795,                0.75291,                0.83287,                0.54353,                 1.3051,                0.83064,                 1.3712,              0.0007435,              0.0007435,              0.0007435
                    190,                 1.0949,                0.75879,                 1.2116,                0.86965,                0.75086,                0.83289,                0.54397,                  1.304,                0.82987,                 1.3705,               0.000694,               0.000694,               0.000694
                    191,                 1.0452,                0.64915,                 1.1689,                0.86917,                 0.7524,                 0.8332,                0.54469,                  1.303,                0.82909,                 1.3697,              0.0006445,              0.0006445,              0.0006445
                    192,                 1.0263,                0.63331,                 1.1573,                   0.87,                0.75195,                0.83319,                0.54496,                 1.3016,                0.82799,                 1.3687,               0.000595,               0.000595,               0.000595
                    193,                 1.0147,                 0.6269,                 1.1546,                0.87181,                0.75175,                0.83377,                0.54538,                 1.3001,                0.82697,                 1.3678,              0.0005455,              0.0005455,              0.0005455
                    194,                 1.0109,                0.62419,                  1.152,                0.87113,                0.75176,                0.83411,                0.54604,                 1.2987,                0.82635,                 1.3667,               0.000496,               0.000496,               0.000496
                    195,                 1.0039,                0.61724,                 1.1434,                0.87084,                 0.7513,                0.83401,                0.54688,                 1.2971,                 0.8257,                 1.3659,              0.0004465,              0.0004465,              0.0004465
                    196,                 1.0006,                0.61295,                 1.1465,                0.87197,                0.75106,                0.83399,                0.54744,                 1.2957,                0.82463,                 1.3648,               0.000397,               0.000397,               0.000397
                    197,                0.99367,                0.61336,                 1.1425,                0.87068,                0.75262,                0.83413,                 0.5479,                 1.2943,                0.82404,                 1.3641,              0.0003475,              0.0003475,              0.0003475
                    198,                0.99133,                0.60544,                 1.1406,                0.87103,                0.75409,                0.83435,                 0.5485,                 1.2926,                 0.8236,                 1.3632,               0.000298,               0.000298,               0.000298
                    199,                0.98635,                0.60478,                 1.1374,                0.87128,                0.75507,                0.83427,                 0.5489,                 1.2917,                 0.8234,                 1.3624,              0.0002485,              0.0002485,              0.0002485
                    200,                0.98264,                0.60549,                 1.1385,                0.87053,                0.75618,                0.83476,                 0.5494,                 1.2904,                0.82271,                 1.3614,               0.000199,               0.000199,               0.000199
